"","type","pos","alt","mutation","freq"
"1","~",241,"T","None",1
"2","~",2832,"G","aa:orf1a:K856R",1
"3","~",3037,"T","None",1
"4","~",5386,"G","None",0.987012987012987
"5","-",6513,"3","del:6513:3",0.844155844155844
"6","~",8393,"A","aa:orf1a:A2710T",1
"7","~",10029,"T","aa:orf1a:T3255I",1
"8","~",10449,"A","aa:orf1a:P3395H",1
"9","-",11283,"9","del:11283:9",0.844155844155844
"10","~",11537,"G","aa:orf1a:I3758V",1
"11","~",13195,"C","None",1
"12","~",14408,"T","aa:orf1b:P314L",1
"13","~",15240,"T","None",1
"14","~",18163,"G","aa:orf1b:I1566V",1
"15","~",21762,"T","aa:S:A67V",0.948051948051948
"16","-",21765,"6","del:21765:6",0.792207792207792
"17","-",21987,"9","del:21987:9",0.545454545454545
"18","~",22132,"A","None",0.012987012987013
"19","~",22578,"A","aa:S:G339D",0.974025974025974
"20","~",22673,"C","aa:S:S371P",0.974025974025974
"21","~",22674,"T","aa:S:S371F",0.974025974025974
"22","~",22679,"C","aa:S:S373P",0.974025974025974
"23","~",22686,"T","aa:S:S375F",0.87012987012987
"24","~",22813,"T","aa:S:K417N",0.961038961038961
"25","~",22882,"G","aa:S:N440K",0.974025974025974
"26","~",22898,"A","aa:S:G446S",0.974025974025974
"27","~",22992,"A","aa:S:S477N",0.896103896103896
"28","~",22995,"A","aa:S:T478K",0.896103896103896
"29","~",23013,"C","aa:S:E484A",0.896103896103896
"30","~",23040,"G","aa:S:Q493R",0.896103896103896
"31","~",23048,"A","aa:S:G496S",0.896103896103896
"32","~",23055,"G","aa:S:Q498R",0.896103896103896
"33","~",23063,"T","aa:S:N501Y",0.896103896103896
"34","~",23075,"C","aa:S:Y505H",0.857142857142857
"35","~",23202,"A","aa:S:T547K",0.987012987012987
"36","~",23403,"G","aa:S:D614G",0.987012987012987
"37","~",23525,"T","aa:S:H655Y",0.987012987012987
"38","~",23599,"G","aa:S:N679K",0.987012987012987
"39","~",23604,"A","aa:S:P681H",0.987012987012987
"40","~",23854,"A","aa:S:N764K",0.961038961038961
"41","~",23948,"T","aa:S:D796Y",0.961038961038961
"42","~",24130,"A","aa:S:N856K",0.961038961038961
"43","~",24424,"T","aa:S:Q954H",0.948051948051948
"44","~",24469,"A","aa:S:N969K",0.974025974025974
"45","~",24503,"T","aa:S:L981F",0.935064935064935
"46","~",25000,"T","None",0.974025974025974
"47","~",25584,"T","None",0.87012987012987
"48","~",26270,"T","aa:E:T9I",0.961038961038961
"49","~",26530,"G","aa:M:D3G",0.974025974025974
"50","~",26577,"G","aa:M:Q19E",0.974025974025974
"51","~",26709,"A","aa:M:A63T",0.974025974025974
"52","~",27259,"C","None",0.974025974025974
"53","~",27807,"T","None",0.974025974025974
"54","~",28881,"A","aa:N:R203K",0.74025974025974
"55","~",28882,"A","None",0.74025974025974
"56","~",28883,"C","aa:N:G204R",0.74025974025974
"57","~",5924,"A","aa:orf1a:V1887I",0.12987012987013
"58","~",21846,"T","aa:S:T95I",0.961038961038961
"59","-",22194,"3","del:22194:3",0.662337662337662
"60","+",22205,"GAGCCAGAA","ins:22205:9",0.623376623376623
"61","~",28271,"T","None",0.532467532467532
"62","~",28311,"T","aa:N:P13L",0.597402597402597
"63","-",28362,"9","del:28362:9",0.467532467532468
"64","~",25515,"T","None",0.025974025974026
"65","~",5730,"T","aa:orf1a:T1822I",0.116883116883117
"66","~",677,"A","aa:orf1a:A138T",0.012987012987013
"67","~",8143,"G","None",0.012987012987013
"68","~",10369,"T","None",0.012987012987013
"69","~",21034,"T","aa:orf1b:L2523F",0.103896103896104
"70","-",21985,"3","del:21985:3",0.298701298701299
"71","-",21990,"6","del:21990:6",0.298701298701299
"72","~",27527,"T","aa:orf7a:P45L",0.012987012987013
"73","~",1381,"G","None",0.012987012987013
"74","~",19009,"T","aa:orf1b:D1848Y",0.012987012987013
"75","~",25510,"A","aa:orf3a:S40T",0.012987012987013
"76","~",17042,"G","aa:orf1b:Y1192C",0.012987012987013
"77","~",21,"T","None",0.025974025974026
"78","~",4255,"A","None",0.012987012987013
"79","~",22599,"A","aa:S:R346K",0.012987012987013
"80","~",9382,"C","None",0.012987012987013
"81","~",12763,"T","None",0.012987012987013
"82","~",9868,"C","None",0.012987012987013
"83","~",3519,"C","aa:orf1a:V1085A",0.012987012987013
"84","~",22427,"A","aa:S:V289I",0.012987012987013
"85","~",29518,"T","None",0.012987012987013
"86","~",27762,"T","aa:orf7b:E3*",0.025974025974026
"87","~",17825,"T","aa:orf1b:T1453I",0.012987012987013
"88","~",28754,"T","aa:N:L161F",0.012987012987013
"89","~",1957,"T","aa:orf1a:K564N",0.012987012987013
"90","~",3319,"G","None",0.012987012987013
"91","~",26951,"T","None",0.038961038961039
"92","~",28363,"T","None",0.012987012987013
"93","~",28365,"G","aa:N:E31G",0.012987012987013
"94","~",28366,"G","None",0.012987012987013
"95","~",9078,"C","aa:orf1a:V2938A",0.012987012987013
"96","~",23501,"T","aa:S:A647S",0.012987012987013
"97","~",29750,"T","None",0.012987012987013
"98","~",12528,"T","aa:orf1a:T4088I",0.012987012987013
"99","~",21754,"T","aa:S:W64C",0.012987012987013
"100","~",18559,"T","aa:orf1b:L1698F",0.012987012987013
"101","~",19718,"T","aa:orf1b:T2084I",0.012987012987013
"102","~",13608,"T","None",0.012987012987013
"103","~",14293,"T","aa:orf1b:R276C",0.012987012987013
"104","~",23664,"T","aa:S:A701V",0.012987012987013
"105","~",20091,"T","None",0.012987012987013
"106","~",21770,"A","aa:S:V70I",0.012987012987013
"107","~",12786,"T","aa:orf1a:T4174I",0.012987012987013
"108","~",5171,"T","aa:orf1a:H1636Y",0.012987012987013
"109","~",26735,"T","None",0.025974025974026
"110","~",17326,"T","aa:orf1b:P1287S",0.012987012987013
"111","~",16887,"T","None",0.012987012987013
