"","aa:orf1a:K856R","5386|G","aa:orf1a:A2710T","aa:orf1a:P3395H","aa:orf1a:I3758V","13195|C","aa:orf1b:I1566V","aa:S:G339D","aa:S:S371P","aa:S:S371F","aa:S:G446S","aa:S:T547K","aa:S:N856K","aa:S:N969K","aa:M:Q19E","27259|C"
"GB2point2",0,0,0,0,6289,0,0,0,0,0,2409,440,24320,0,19032,113409
"611A",0,312,58,3,24,2540,0,1,12,12,26,83,257,2,64,319
"611B",0,351,66,9,31,2479,0,5,16,16,22,85,214,1,54,286
"611C",0,387,53,11,37,2820,0,4,14,14,21,86,243,1,70,498
"612A",2,228,9,45,135,3105,268,20,63,63,8,80,45,1,69,518
"612B",0,236,9,35,149,3196,283,20,52,51,9,97,60,0,66,506
"621A",0,0,0,0,0,0,0,0,0,0,0,0,0,1278,0,0
"621B",0,0,0,0,0,0,0,0,0,0,0,0,0,1741,0,0
"621C",0,0,0,0,0,0,0,0,0,0,0,0,0,1269,0,0
"621D",0,0,1,0,0,0,0,0,0,0,0,0,1,737,0,0
"621E",0,0,0,0,0,0,0,0,0,0,0,0,0,674,0,0
"631B",0,0,6138,0,0,0,23841,0,0,0,0,9544,6859,168,55,0
"631C",0,0,5469,0,0,0,21552,0,0,0,0,9122,6266,183,43,0
"632A",0,0,0,0,0,0,0,1200,3426,3425,1,0,3394,0,5088,10291
"632B",0,0,0,0,0,0,0,1069,2679,2685,0,0,2726,0,4114,8335
"632C",0,0,0,0,0,0,0,1250,3067,3074,0,0,3696,0,5185,8393
"641A",4,713,0,0,0,0,8919,17,0,0,64,7,0,149,1160,3867
"641B",4,638,0,0,0,0,7953,18,0,0,51,11,0,137,1159,4659
"641C",4,725,0,0,0,0,9584,16,0,0,62,12,0,178,1482,6083
"642A",19,258,0,0,0,0,0,18,0,0,0,0,0,177,0,2150
"642B",27,349,0,0,0,0,0,19,0,0,0,0,0,224,0,2178
"65",0,0,0,2871,0,0,0,952,3500,3509,0,0,0,0,2,0
"66",0,27,5,0,0,0,0,0,0,0,4,0,1,0,3,25
"67",84,2623,1670,1044,1268,2409,4620,594,1601,1604,293,1640,1134,249,698,3626
"831",275,2704,2716,1259,911,16179,8321,1111,2765,2769,185,27,2022,570,1819,3022
"832",277,2187,2201,853,758,11966,6641,951,2402,2409,162,19,1487,456,1612,3083
"833",282,2819,2783,1297,931,16049,8058,1175,2847,2849,207,27,2145,630,2035,4276
"841",76,683,672,1120,627,16101,9411,633,1806,1806,82,3530,1449,130,1204,696
"842",60,738,823,1215,629,17092,10314,675,2047,2047,100,3908,1538,159,1301,719
"843",57,583,603,961,448,13660,8301,594,1715,1716,79,3340,1287,111,1233,576
"851",754,4007,4348,2358,1984,19875,11013,2518,5426,5424,395,113,2976,1152,3207,5640
"852",783,4246,4548,2373,2056,19874,11115,2494,5445,5437,423,108,3020,1230,3170,5336
"853",869,4683,4675,2438,2159,21638,12189,2649,6218,6224,416,139,3242,1265,3779,4981
"861",761,3965,4626,2147,1886,18161,10316,2359,5125,5123,408,119,2885,1130,2710,5815
"862",838,4389,5076,2447,2146,19907,11513,2420,5469,5469,401,116,3131,1197,2846,6224
"863",874,4574,5282,2432,2264,21211,11966,2498,5734,5735,388,154,3299,1305,3035,6498
"871",1423,6435,6744,3322,3471,23309,12994,2788,6082,6081,810,146,4132,1513,3795,7217
"872",1072,5383,5364,2410,2805,18024,10196,2065,4779,4784,563,104,3033,1113,2792,4818
"873",1064,4855,5308,2562,2612,17788,9833,2112,4577,4581,555,122,3140,1171,2745,6116
"891",796,4039,4052,2719,2266,20677,13223,4283,8435,8434,465,385,3796,2083,4320,7626
"892",772,3832,3651,2532,2210,19654,12721,3847,8015,8008,455,346,3423,1863,4168,7969
"893",825,4331,4104,2798,2345,21620,14556,4049,8816,8822,456,331,3598,2084,4447,7146
"931",14,540,701,229,256,13385,7404,463,1006,1008,42,1584,9,176,886,2642
"932",22,706,842,276,325,16449,9291,536,1216,1218,44,1942,14,219,1211,3837
"933",29,743,904,279,315,17112,9722,587,1362,1364,42,1987,20,200,1237,3443
"941",40,847,485,446,651,21004,12468,827,2140,2143,53,2447,1670,144,2319,8281
"942",25,882,535,516,702,24181,13313,817,2100,2105,56,2727,1924,160,2341,10552
"943",31,1105,688,604,886,29306,15957,964,2487,2488,58,3368,2458,216,2817,11708
"CHWW45-I-v3",0,17,24,29,25,21,156,144,316,319,2,136,15,0,64,162
"LRWRP146-I",0,0,0,0,0,0,0,0,0,0,0,0,0,0,0,0
"LRWRP153-I",0,33,142,8,25,88,0,0,0,0,0,0,121,0,260,433
"Queens",0,115,0,0,0,2552,1935,15,0,0,2,2,0,0,230,2893
"S1-1001-v3",0,1,0,0,0,4219,465,0,0,0,0,4040,0,0,211,0
"S1-1002-v3",0,36,0,17,3,11,303,0,0,0,1,1572,0,0,1,0
"749M-I-A",0,0,0,0,1,1246,0,0,0,0,0,0,1,0,0,0
"750M-I-A",0,0,0,0,1,1185,0,0,0,0,0,0,0,0,0,0
"751M-I-A",0,1,0,0,0,920,0,0,0,0,0,1,0,0,0,0
"752M-I-A",0,1,0,0,0,1052,4,0,0,0,0,21,0,0,0,0
"753M-I-A",0,0,0,0,0,108949,5,0,0,0,0,36,1,0,4,0
"755U-I-A",0,5,0,0,0,1020,0,0,0,0,0,0,0,8,8,0
"756O-I-A",0,0,0,0,0,139318,0,0,0,0,0,0,154,0,0,0
"Waterloo-extra-A",0,0,0,0,0,669,0,0,0,0,0,1,0,1,0,0
"NE1-1001",0,4,4,0,0,162,0,1,0,0,1,24,2,0,1,5
"NE1-1002",0,6,4,0,1,260,0,1,0,0,0,33,5,1,4,18
"NE2-1001",0,2,1,0,0,275,0,3,0,0,0,43,7,0,8,23
"NE3-1001",0,11,2,0,0,282,0,0,0,0,2,41,4,1,9,21
"NE4-1001",0,7,3,0,0,270,0,1,0,0,3,13575,4,0,7,19
"NE4-1002",0,1512,1,0,0,178,0,268,0,0,360,134,2,42,2,16
"NE4-1003",2,165,1110,230,87,81647,0,1,0,0,117,55,2506,0,3,13
"NE5-1001",0,4,10,0,1,336,0,3,0,0,2,41,3,0,2,4385
"NE5-1002",0,3,0,1,1,169,0,0,0,0,0,18,1,0,4,14
"NE5-1003",0,3,3,0,0,294,0,1,0,0,1,3874,3,1,9,23
"NE6-1001",0,9,2,0,1,288,0,1,0,0,2,36,1,0,4,14
"NE6-1002",0,1,4,0,0,200,0,0,0,0,0,14,1,0,4,13
"NE7-1002",0,4,0,0,70,8083,0,0,0,0,0,2916,1,0,3234,1693
"NE7-1003",0,0,1,0,0,186,0,1,0,0,3,19,1,0,2,20
"wwRNA-1",0,70,5,0,0,464,6,4,21,21,15,153,9,0,0,261
"wwRNA-2",62,241,19,0,0,393804,56,13399,24470,24501,102,179455,13217,273,0,190343
"wwRNA-3",0,37364,2610,0,0,2791,11,62,157,157,11,79571,68,2,0,1349
"wwRNA-7",5,24837,3775,0,0,147357,9,12,46,46,15,330,10,1,0,404
"wwRNA-8",0,110,16,0,0,96775,13590,51,55,55,16639,6242,22,0,9,482
"C1",0,0,0,0,0,0,0,67,103,103,0,30,0,0,0,0
"C2",0,0,0,0,0,0,0,57,71,72,0,29,0,0,0,0
"C3",0,0,0,0,0,0,0,62,87,87,0,29,0,0,0,0
"C4",0,0,0,0,0,0,0,60,73,73,0,29,0,0,0,0
"C5",0,0,0,0,0,0,0,35,70,69,0,17,0,0,0,1
"C6",0,0,0,0,0,0,0,74,90,91,0,21,0,0,0,0
"C7",0,0,0,0,0,0,0,53,71,72,0,27,0,0,0,0
"C8",0,1,0,0,0,0,0,41,74,74,0,20,0,0,0,1
"P1",0,0,0,0,0,0,0,32,52,52,0,11,0,0,0,0
"P2",0,0,0,0,0,0,0,52,60,59,1,25,0,0,0,1
"P3",0,0,0,0,0,0,0,59,85,84,0,16,0,0,0,1
"P4",0,0,0,0,0,0,0,16,45,45,1,10,0,0,0,0
"P5",0,0,0,0,0,0,0,33,48,48,1,13,0,0,0,1
"P6",0,0,0,0,0,0,0,50,70,70,1,22,0,0,0,0
"P7",0,0,0,0,0,0,0,28,39,39,0,8,0,0,0,0
"P8",0,0,0,0,0,0,0,27,38,38,1,15,0,0,0,0
"Undetermined",0,0,0,0,0,0,0,14,18,18,0,4,0,0,0,0
